filename,age,gender,race
86_0_0_20170112224722395.jpg.chip.jpg,86,0,0
70_0_0_20170117173727535.jpg.chip.jpg,70,0,0
53_1_0_20170117191020179.jpg.chip.jpg,53,1,0
82_0_0_20170113184939024.jpg.chip.jpg,82,0,0
74_1_0_20170120224735993.jpg.chip.jpg,74,1,0
100_1_2_20170112213615815.jpg.chip.jpg,100,1,2
100_0_0_20170112213500903.jpg.chip.jpg,100,0,0
55_1_0_20170120222035182.jpg.chip.jpg,55,1,0
59_0_0_20170104211855508.jpg.chip.jpg,59,0,0
95_1_0_20170120230149594.jpg.chip.jpg,95,1,0
115_1_0_20170120134725990.jpg.chip.jpg,115,1,0
68_0_0_20170117172347609.jpg.chip.jpg,68,0,0
72_1_0_20170110140945561.jpg.chip.jpg,72,1,0
84_1_0_20170110175644800.jpg.chip.jpg,84,1,0
39_0_3_20170119203939176.jpg.chip.jpg,39,0,3
34_0_3_20170119200757565.jpg.chip.jpg,34,0,3
25_0_0_20170113181537380.jpg.chip.jpg,25,0,0
4_1_0_20170109192418427.jpg.chip.jpg,4,1,0
52_0_4_20170111171747383.jpg.chip.jpg,52,0,4
20_1_2_20170116170359820.jpg.chip.jpg,20,1,2
78_0_2_20170112220542632.jpg.chip.jpg,78,0,2
77_1_0_20170110132442352.jpg.chip.jpg,77,1,0
32_1_0_20170117134819735.jpg.chip.jpg,32,1,0
29_1_1_20170113013111447.jpg.chip.jpg,29,1,1
21_1_0_20170109213126942.jpg.chip.jpg,21,1,0
89_1_0_20170110182442099.jpg.chip.jpg,89,1,0
64_0_0_20170111204813415.jpg.chip.jpg,64,0,0
1_0_0_20170110213412695.jpg.chip.jpg,1,0,0
87_1_0_20170120224714735.jpg.chip.jpg,87,1,0
92_1_0_20170110183055235.jpg.chip.jpg,92,1,0
33_0_0_20170105165028532.jpg.chip.jpg,33,0,0
31_1_2_20170104020928085.jpg.chip.jpg,31,1,2
35_1_3_20170109135835957.jpg.chip.jpg,35,1,3
99_1_0_20170110182052119.jpg.chip.jpg,99,1,0
40_1_2_20170116191811650.jpg.chip.jpg,40,1,2
47_0_0_20170119205119560.jpg.chip.jpg,47,0,0
66_0_0_20170116233247357.jpg.chip.jpg,66,0,0
6_1_0_20170109201925765.jpg.chip.jpg,6,1,0
41_1_0_20170109012224846.jpg.chip.jpg,41,1,0
3_0_2_20161219204921420.jpg.chip.jpg,3,0,2
50_0_4_20170117204204793.jpg.chip.jpg,50,0,4
105_0_0_20170112213001988.jpg.chip.jpg,105,0,0
14_1_4_20170103200917543.jpg.chip.jpg,14,1,4
80_0_2_20170112224358076.jpg.chip.jpg,80,0,2
10_0_0_20161220222308131.jpg.chip.jpg,10,0,0
37_1_0_20170117160416815.jpg.chip.jpg,37,1,0
11_1_0_20170109205125500.jpg.chip.jpg,11,1,0
26_0_0_20170104201228553.jpg.chip.jpg,26,0,0
75_1_0_20170110122303534.jpg.chip.jpg,75,1,0
19_0_4_20170103201854223.jpg.chip.jpg,19,0,4
69_1_0_20170110131527801.jpg.chip.jpg,69,1,0
42_1_1_20170112234656696.jpg.chip.jpg,42,1,1
60_1_0_20170110140847057.jpg.chip.jpg,60,1,0
81_1_0_20170110123812204.jpg.chip.jpg,81,1,0
36_1_0_20170104164857729.jpg.chip.jpg,36,1,0
2_1_2_20161219192330594.jpg.chip.jpg,2,1,2
116_1_0_20170112213001988.jpg.chip.jpg,116,1,0
63_0_1_20170117194925787.jpg.chip.jpg,63,0,1
24_1_2_20170104015713028.jpg.chip.jpg,24,1,2
51_1_1_20170113010949270.jpg.chip.jpg,51,1,1
49_1_0_20170109221102358.jpg.chip.jpg,49,1,0
67_1_0_20170110140730634.jpg.chip.jpg,67,1,0
18_1_0_20170109213149718.jpg.chip.jpg,18,1,0
88_1_0_20170110182132120.jpg.chip.jpg,88,1,0
48_1_0_20170109142203204.jpg.chip.jpg,48,1,0
71_0_2_20170112224020396.jpg.chip.jpg,71,0,2
12_0_0_20170110221819113.jpg.chip.jpg,12,0,0
7_1_0_20170109204120279.jpg.chip.jpg,7,1,0
58_0_3_20170119181133308.jpg.chip.jpg,58,0,3
9_0_0_20170110215447268.jpg.chip.jpg,9,0,0
110_0_2_20170112223734562.jpg.chip.jpg,110,0,2
57_1_0_20170110120935648.jpg.chip.jpg,57,1,0
13_0_0_20170104012310089.jpg.chip.jpg,13,0,0
46_0_0_20170104205749003.jpg.chip.jpg,46,0,0
5_1_0_20170109194215705.jpg.chip.jpg,5,1,0
73_1_0_20170120223851022.jpg.chip.jpg,73,1,0
90_0_0_20170111210753614.jpg.chip.jpg,90,0,0
16_0_0_20170110232757924.jpg.chip.jpg,16,0,0
28_1_3_20170119195100723.jpg.chip.jpg,28,1,3
22_0_0_20170117143240036.jpg.chip.jpg,22,0,0
54_1_1_20170117141758139.jpg.chip.jpg,54,1,1
83_0_0_20170120225615281.jpg.chip.jpg,83,0,0
44_0_2_20170119184036351.jpg.chip.jpg,44,0,2
15_1_0_20170109214633067.jpg.chip.jpg,15,1,0
45_1_0_20170117182517677.jpg.chip.jpg,45,1,0
56_1_0_20170103162933143.jpg.chip.jpg,56,1,0
93_1_0_20170110182437844.jpg.chip.jpg,93,1,0
17_0_0_20170110232044494.jpg.chip.jpg,17,0,0
62_1_0_20170104183415429.jpg.chip.jpg,62,1,0
8_1_0_20170117175943380.jpg.chip.jpg,8,1,0
79_1_0_20170110141543912.jpg.chip.jpg,79,1,0
85_1_0_20170110183346968.jpg.chip.jpg,85,1,0
43_0_0_20170117155057555.jpg.chip.jpg,43,0,0
96_1_0_20170110161321170.jpg.chip.jpg,96,1,0
65_1_0_20170110140958665.jpg.chip.jpg,65,1,0
61_1_0_20170117175120965.jpg.chip.jpg,61,1,0
23_0_3_20170119164313321.jpg.chip.jpg,23,0,3
76_1_0_20170110180413588.jpg.chip.jpg,76,1,0
38_1_0_20170103163517069.jpg.chip.jpg,38,1,0
27_1_2_20170116172735343.jpg.chip.jpg,27,1,2
30_1_3_20170117150440114.jpg.chip.jpg,30,1,3
